,IR,conf,kulc,lhs,lift,rhs,sup_lhs
0,0.5454545454545455,1.0,0.7272727272727273,['上水井盖'],4.363636363636364,['下水井盖'],0.10416666666666667
1,0.5,1.0,0.75,['积存垃圾渣土'],4.0,['城市管理'],0.125
2,0.5833333333333333,1.0,0.7083333333333334,['其他区域堆放施工废弃料'],4.0,['城市管理'],0.10416666666666667
