IR,conf,kulc,lhs,lift,rhs,sup_lhs
0.533333333,1,0.733333333,['积存垃圾渣土'],4,['城市管理'],0.116666667
0.470588235,0.875,0.65625,['其他施工管理问题'],3.28125,['下水井盖'],0.133333333
0.4375,0.875,0.670833333,['公共绿地养护'],3.5,['城市管理'],0.133333333
0.5,0.857142857,0.628571429,"['下水井盖', '施工安全隐患']",3.428571429,['城市管理'],0.116666667
