lhs,rhs,IR,kulc,lift,sup_lhs,conf
['道路规划建设'],['城市管理'],0.578947368,0.595238095,2.714285714,0.122807018,0.857142857
['树木养护'],['公共绿地养护'],0.1,0.826388889,5.541666667,0.140350877,0.875
['道路规划建设'],['施工安全隐患'],0.428571429,0.659340659,3.758241758,0.122807018,0.857142857
['公共交通管理'],['城市管理'],0.578947368,0.595238095,2.714285714,0.122807018,0.857142857
"['施工安全隐患', '道路规划建设']",['城市管理'],0.666666667,0.666666667,3.166666667,0.105263158,1
"['城市管理', '道路规划建设']",['施工安全隐患'],0.538461538,0.730769231,4.384615385,0.105263158,1
['道路规划建设'],"['城市管理', '施工安全隐患']",0.272727273,0.728571429,4.885714286,0.122807018,0.857142857
